electronic,dell laptop, 1200
electronic,keyboard,30.5
electronic,ram,90
electronic,usb stick, 15.7
feeding,apple,0.3
feeding,milk,3
feeding,yoghourt danone,0.3
feeding,corn flakes,2.5
feeding,olives,1.6
clothes,nike sneakers,120
clothes,levis jeans,70.82
clothes,north face shirt,40.3
clothes,adidas sneakers,80
drugs,aspirin,5.6
drugs,sun cream,3
drugs,brush teeth,2.5
drugs,alcohol,4
drugs,strips,8.5
feeding,asparagus,7.73
feeding,apples,4.41
feeding,avacado,10.04
feeding,alfalfa,28.74
feeding,acorn squash,28.35
feeding,almond,10.74
feeding,arugala,8.46
feeding,artichoke,19.49
feeding,applesauce,12.66
feeding,asian noodles,11.66
feeding,antelope,27.49
feeding,ahi tuna,6.54
feeding,albacore tuna,28.16
feeding,Apple juice,22.25
feeding,Avocado roll,1.11
feeding,Bruscetta,7.62
feeding,bacon,13.61
feeding,black beans,18.19
feeding,bagels,14.16
feeding,baked beans,2.52
feeding,BBQ,10.81
feeding,bison,12.71
feeding,barley,10.11
feeding,beer,2.76
feeding,bisque,18.95
feeding,bluefish,2.35
feeding,bread,10.06
feeding,broccoli,7.33
feeding,buritto,120.46
feeding,babaganoosh,19.07
feeding,Cabbage,26.27
feeding,cake,8.4
feeding,carrots,173.21
feeding,carne asada,26.89
feeding,celery,15.53
feeding,cheese,8.11
feeding,chicken,25.72
feeding,catfish,26.57
feeding,chips,4.3
feeding,chocolate,6.01
feeding,chowder,12.11
feeding,clams,19.95
feeding,coffee,30.98
feeding,cookies,9.88
feeding,corn,29.33
feeding,cupcakes,25.07
feeding,crab,17.57
feeding,curry,11.68
feeding,cereal,10.08
feeding,chimichanga,27.46
feeding,dates,8.43
feeding,dips,20.68
feeding,duck,28.1
feeding,dumplings,2.36
feeding,donuts,27.18
feeding,eggs,27.1
feeding,enchilada,6.48
feeding,eggrolls,23.74
feeding,English muffins,17.82
feeding,edimame,27.68
feeding,eel sushi,9.22
feeding,fajita,2.51
feeding,falafel,25.73
feeding,fish,16.09
feeding,franks,14.44
feeding,fondu,10.56
feeding,French toast,12.52
feeding,French dip,29.59
feeding,Garlic,23.81
feeding,ginger,11.47
feeding,gnocchi,1.52
feeding,goose,18.56
feeding,granola,4.89
feeding,grapes,15.39
feeding,green beans,30.35
feeding,Guancamole,24.67
feeding,gumbo,24.88
feeding,grits,5.78
feeding,Graham crackers,21.77
feeding,ham,9.83
feeding,halibut,29.23
feeding,hamburger,23.05
feeding,honey,1.48
feeding,huevos rancheros,4.22
feeding,hash browns,5.81
feeding,hot dogs,16.68
feeding,haiku roll,2.62
feeding,hummus,23.51
feeding,ice cream,22.33
feeding,Irish stew,29.39
feeding,Indian food,23.85
feeding,Italian bread,7.58
feeding,jambalaya,10.27
feeding,jerky,6.41
feeding,jalapeno,21.2
feeding,kale,26.15
feeding,kabobs,20.16
feeding,ketchup,261.02
feeding,kiwi,12.3
feeding,kidney beans,30.17
feeding,kingfish,27.11
feeding,lobster,28.19
feeding,Lamb,11.06
feeding,Linguine,23.59
feeding,Lasagna,28.2
feeding,Meatballs,17.12
feeding,Moose,28.67
feeding,Milk,19.68
feeding,Milkshake,11.5
feeding,Noodles,23.2
feeding,Ostrich,12.79
feeding,Pizza,23.68
feeding,Pepperoni,1.86
feeding,Porter,11.38
feeding,Pancakes,26.34
feeding,Quesadilla,26.41
feeding,Quiche,4.46
feeding,Reuben,9.56
feeding,Spinach,26.25
feeding,Spaghetti,28.4
feeding,Tater tots,23.89
feeding,Toast,11.89
feeding,Venison,25.75
feeding,Waffles,7.51
feeding,Wine,11.02
feeding,Walnuts,28.3
feeding,Yogurt,27.68
feeding,Ziti,8.06
feeding,Zucchini,20.01
drugs,Jobst Ultrasheer,21.05
drugs,Case Logic Armrest Cover,20.92
drugs,Pedifix Gel Ball of Foot,17.36
drugs,California Exotics Waterp,27.82
drugs,Elbow Grease Hot Cream 15,29.48
drugs,Calcium Magnesium Zinc Pl,17.13
drugs,Zand Herbal Mist Throat S,27.21
drugs,PediFix Heel Straights,24.37
drugs,Jobst Womens UltraSheer,26.84
drugs,Replacement Bulb For Use,21.17
drugs,PediFix Heel Straights,28.38
drugs,California Exotics Double,30.03
drugs,Country Life Natures Gar,4.41
drugs,PediFix Heel Straights,23.73
drugs,Celtic Skull Zippo Lighte,23.19
drugs,California Exotics Reckle,27.04
drugs,Zand Insure Herbal Formul,7.56
drugs,Zand Thistle Cleanse,4.3
drugs,The Squiggler Head Scalp,3.59
drugs,Jobst Womens UltraSheer,22.8
drugs,PediFix No Sore Feet Stre,14.11
drugs,PediFix No Sore Feet Stre,21.47
drugs,Welch Allyn Suretemp Plus,13.69
drugs,Vitex Chaste Berry Extrac,23.77
drugs,Jobst Womens UltraSheer,14.04
drugs,Aquaphor Gentle Wash For,24.54
drugs,ISS Research Complete Cre,9.81
drugs,Magnetic Elbow Brace,7.07
drugs,Evercare Pet Hair Adhesiv,3.6
drugs,Sinus Rinse Pediatric Kit,21.46
drugs,Rollator Mimi Lite Alumin,5.29
drugs,California Exotics Waterp,4.61
drugs,California Exotics EZ Ben,21.18
drugs,Source Naturals Diet Chit,11.94
drugs,Tahiti Trader Noni Juice,29.58
drugs,Herbal PF Herbal Choleste,1.24
drugs,Applied Nutrition Green T,18.39
drugs,Natures Secret Ultimate,22.36
drugs,Cosco Ability Care Travel,16.12
drugs,Global Health ProCel Prot,18.58
drugs,Jobst Womens UltraSheer,9.16
drugs,POLO by Ralph Lauren Deod,19.56
drugs,Profoot Care Callus Cushi,30.67
drugs,Jobst Womens UltraSheer,6.85
drugs,Twinlab Super MaxEPA Fish,22.59
drugs,California Exotics ClitOr,19.3
drugs,Bluebonnet Nutrition Vita,17.58
drugs,Garnier Nutrisse Nourishi,22.47
drugs,Kershaw Knives Bread Knif,13.71
drugs,Kenneth Cole Reaction By,3.75
drugs,Ease away pain and stiffn,5.69
drugs,Art of Shaving Moisturize,23.64
drugs,Zoes All Day Energy Ever,20.84
drugs,Ease away pain and stiffn,22.87
drugs,Jobst Womens UltraSheer,3.47
drugs,Jobst Womens UltraSheer,24.2
drugs,Jobst Womens UltraSheer,6.56
drugs,Ergo Sof PenAgain Refills,16.34
drugs,Gentell Ease Odor Elimina,6.68
drugs,Human Touch iJoy Ottoman,16.12
drugs,Sudden Change Scar Zone 1,1.42
drugs,Jobst Womens UltraSheer,17.65
drugs,American Health Probiotic,14.91
drugs,Jobst Womens UltraSheer,15.41
drugs,SpicSpan 30316 Chore B,28.64
drugs,Syntrax Guggulbolic Extre,25.32
drugs,Macks Macks Safe Sound Ea,18.26
drugs,MediBeads Hand Wrap,5.42
drugs,Crest Toothpaste Whitenin,7.41
drugs,Foot Petals Tip Toes Cush,12.09
drugs,APC RBC22 Replacement Bat,7.27
drugs,Ease away pain and stiffn,9.39
drugs,Zafu Yoga Sitting Meditat,23.31
drugs,Island Essence Massage Oi,3.45
drugs,Crest Toothpaste Rejuvena,18.03
drugs,Ease away pain and stiffn,27.04
drugs,Molton Brown London Heave,3.03
drugs,Gaia Herbs Eleuthero Root,30.61
drugs,Futuro Energizing Support,12.72
drugs,Island Essence Massage Oi,29.9
drugs,Ganache For Lips CHOCOLAT,15.13
drugs,Ease away pain and stiffn,8.58
drugs,GAS RELIEF SFTGELS 180 MG,20.19
drugs,AST Alpha Lipoic Acid 200,23.94
drugs,Futuro Stabilizing Knee S,5.19
drugs,Color Talking Watch Kalei,14.03
drugs,Supersmile Professional W,4.1
drugs,Small Mitt,15.16
drugs,Natures Way Oregano Oil,3.49
drugs,Square III Talking Wrist,4.16
drugs,SPINBRUSH PRO CLN SONIC S,5.64
drugs,Artemis Woman Body Polish,11
drugs,Maximum International MAX,6.37
drugs,REDKEN Spray Starch Style,8.73
drugs,Homedics Squash Therapy B,30.99
drugs,Futuro Tennis Elbow Suppo,19.92
drugs,Medique Handy First Aid K,18.06
drugs,Big Tease Toys I Rub My W,7.18
drugs,Nutraceutics Vitrin,2.58
drugs,BRUSHPICKS,16.21
drugs,Large Muff,22.51
drugs,Digital Talking Compass E,12.93
drugs,Gaia Herbs Astragalus Sup,6.32
drugs,Hair Off Instant Eyebrow,16.48
drugs,Sharper Image Magnetic Th,18.37
drugs,Symbiotropin,17.97
drugs,The Gripper. Grippers hav,19.29
drugs,Mitchum Clear Gel Antiper,24.1
drugs,Sharper Image Rapid Groom,25.92
drugs,Trap Pack,12.18
drugs,Twinlab Twinsorb Coq10,26.37
drugs,Laci Le Beau Laci Super D,11.33
drugs,Eye Level Physician Scale,125.06
drugs,Extra Large Pack,18.36
drugs,Eye Level Physician Scale,29.3
drugs,Basic Pack,17.78
drugs,Chlorine Powder Bleach,3.52
drugs,Eye Level Physician Scale,6.43
drugs,Large Pack,11.67
drugs,PediFix Wart STICK,21.59
drugs,Durex Banana Flavored Con,2.44
drugs,Pedifix Mango Magic Foot,30.62
drugs,Stareyes Infrared Light R,24.88
drugs,Requa Requa Charcocaps Ac,29.8
drugs,Zestra,21.24
drugs,Zum Oil Frankincense and,14.52
drugs,Coral Advantage,30.56
drugs,Now Foods Vitamin A 25000,5.2
drugs,Pampers large Bibsters wi,23.44
drugs,California Exotics The Vi,7.45
drugs,Wool Shop Lambswool Duste,190.82
clothes,Austin Reed Dartmouth Jac,24.18
clothes,Austin Reed Andover Jacke,1.34
clothes,Mcarthur San Diego Charge,11.23
clothes,Austin Reed Andover Jacke,29.91
clothes,Austin Reed Andover Jacke,5.57
clothes,Dockers Original Khaki Cl,5.87
clothes,Austin Reed Andover Jacke,24.04
clothes,Cross Body Sling Bag Clo,9.27
clothes,Dockers Original Khaki Cl,20.05
clothes,Austin Reed Andover Jacke,14.76
clothes,Squeem Magical Lingerie S,13.64
clothes,Give Blood Tease a German,15.07
clothes,Dockers Original Khaki Cl,11.27
clothes,Austin Reed Andover Jacke,12.19
clothes,Austin Reed Andover Jacke,23.79
clothes,Austin Reed Andover Jacke,13.84
clothes,Austin Reed Andover Jacke,17.78
clothes,Austin Reed Andover Jacke,17.95
clothes,Austin Reed Andover Jacke,1.7
clothes,adidas Mens ClimaLite Co,24.96
clothes,Austin Reed Andover Jacke,1.58
clothes,Austin Reed Andover Jacke,23.4
clothes,Austin Reed Dartmouth Jac,18.19
clothes,Dockers Original Khaki Cl,24.95
clothes,Austin Reed Andover Jacke,12.2
clothes,Austin Reed Andover Jacke,25.28
clothes,Austin Reed Andover Jacke,14.58
clothes,Wrangler Mens Cowboy,13.69
clothes,Berkshire Queen Silky She,19.37
clothes,Austin Reed Andover Jacke,4.44
clothes,Dockers Original Khaki Cl,21.08
clothes,Swiss Gear Zurich Rolling,21.57
clothes,Dockers Original Khaki Cl,1.68
clothes,Austin Reed Andover Jacke,16.04
clothes,Dockers Original Khaki Cl,73.98
clothes,Austin Reed Andover Jacke,10.38
clothes,Brandon Thomas Mens,30.1
clothes,Austin Reed Andover Jacke,15.85
clothes,Austin Reed Andover Jacke,30.01
clothes,Austin Reed Andover Jacke,11.57
clothes,Pink Wonder Woman Child C,30.76
clothes,Pink Batgirl Child Costum,25.91
clothes,Austin Reed Andover Jacke,24.39
clothes,Dockers Original Khaki Cl,10.5
clothes,JanSport Wasabi Backpack,3.71
clothes,Austin Reed Andover Jacke,29.75
clothes,Austin Reed Andover Jacke,28.19
clothes,Austin Reed Andover Jacke,13.96
clothes,Austin Reed Andover Jacke,9.82
clothes,Dockers Original Khaki Cl,17.73
clothes,Under Armour Mens Co,28.31
clothes,Austin Reed Andover Jacke,26.13
clothes,Dockers Original Khaki Cl,22.72
clothes,Dockers Original Khaki Cl,10.97
clothes,Imperial 100s Traditional,24
clothes,Red Sox Majestic Mens ML,22.09
clothes,Secret Wishes Maid Costum,16.14
clothes,Maui Jim Classic Sunglass,22.3
clothes,Wrangler Mens Cowboy,17.51
clothes,adidas Mens Tricot Track,21.86
clothes,Tampa Bay Buccaneers Team,4.4
clothes,Gold Toe Mens ADC Aq,4.66
clothes,Leg Avenue Plus Size Fish,27.11
clothes,Onos Harbor Dock Polarize,124.36
clothes,Gold Toe Mens ADC Aq,20.45
clothes,Leighton Unisex Adult Pon,16.08
clothes,Le Mystere WoMens Ca,26.96
clothes,Wool Skinny Solid Black T,13.78
clothes,Reebok Pittsburgh Steeler,18.63
clothes,Cap sleeve blouse with la,11.33
clothes,Snowman Mascot Costume,141.83
clothes,Columbia Umatilla Cyberpa,263.55
clothes,BLACK Sunglass Eyeglass R,12.34
clothes,Leg Avenue Rose Lace Halt,18.22
clothes,Lycra Quarter Crochet Bod,24.43
clothes,American Tourister Dual V,19.64
clothes,Intimo Mens Classic,3.1
clothes,Jantzen WoMens Missy,4.7
clothes,RAGE AGAINST THE MACHINE,20.4
clothes,Intimo Mens Classic,19.7
clothes,Seamless fishnet bodystoc,13.29
clothes,Eagle Creek ORV Super Tru,25.75
clothes,Intimo Mens Classic,6.94
clothes,Mulberribush Toddler Girl,26.24
clothes,Cacharel Mens Pinstr,21
clothes,Intimo Mens Classic,5.34
clothes,Hanes Big Mens Dark Groun,12.17
clothes,Puma Winter Players Glove,6.99
clothes,Renaissance Robin Hood Ho,28.69
clothes,Cacharel Mens Pinstr,6.14
clothes,ASICS WoMens Legato,4.44
clothes,Cacharel Mens Pinstr,17.01
electronic,Minolta SLR Gadget Bag wi,5.05
electronic,Gomadic Compact Retractab,9.77
electronic,Saitek Stylus With Light,18.04
electronic,Belkin Executive Leather,30.88
electronic,Battery Travel Charger Ex,12.24
electronic,Digital Image Flow DGK Co,18.81
electronic,Stereo Wire Harness Subar,5.03
electronic,HP Cyan Ultra Viol,9.76
electronic,Memory Upgrades,1.59
electronic,Sony eMarker,20.38
electronic,HP DeskJet Printer,11.03
electronic,HP PhotoSmart Photo,11.13
electronic,HP DeskJet Color Pri,14.49
electronic,HP UV Light,29.24
electronic,HP DeskJet Color P,24.99
electronic,Kingston ValueRAM,13.01
electronic,Atlantic CD Hard Case,17.7
electronic,Kingston Technology,18.34
electronic,HP DeskJet Printer,4.83
electronic,Intex Pillow Rest Twin Ai,23.75
electronic,Antec Super LanBoy Alumin,16.02
electronic,Heavy Duty Grill Guides 1,8.56
electronic,Sound Blaster,30.84
electronic,HP PhotoSmart Inkjet,3.51
electronic,HP Digital Entertain,2.19
electronic,Small Speaker Grill Guide,24.94
electronic,CREATIVE LABS Nomad Jukeb,30.3
electronic,HP iPAQ Bluetooth GPS Nav,18.91
electronic,SanDisk Sansa View,5.04
electronic,Creative Labs Rhomba,26.16
electronic,HP Digital Entertain,2.99
electronic,HP Digital Entertain,23.31
electronic,PHILIPS Printable,16.51
electronic,Stereo Headphone Ex,6.2
electronic,Optical Mouse with Scroll,28.94
electronic,Kingston MODULE FOR,13.34
electronic,Eicon Diva LAN ISDN Modem,5.88
electronic,RioVolt Portable CD,25.24
electronic,HP iPAQ Photosmart Mobile,26.64
electronic,Stereo Headphone Ex,7.12
electronic,VIVITAR VIVICAM Digita,16.28
electronic,Jansport Firewire Backpac,4.34
electronic,Covertec Luxury Pouch Cas,24.24
electronic,Harman Kardon DVD High,28.22
electronic,Covertec Luxury Pouch Cas,21.96
electronic,Advanced iRiver Clix,12
electronic,Stereo Install Dash Kit H,24.06
electronic,Plantronics Wireless,5.67
electronic,RUBBER STRAP HANDLE,4.04
electronic,SimpleTech FlashLink Comp,17.05
electronic,SanDisk Memory Sti,23.35
electronic,Stereo Wire Harness Honda,8.54
electronic,Covertec Luxury Pouch Cas,3.23
electronic,ATI Technologies Radeon,23.12
electronic,Pina Zangaro Presentation,6.93
electronic,ATI Technologies Radeon,14.14
electronic,McKleinUSA DAMEN 70715 Bl,9.91
electronic,Laserline Clear Connectio,4.23
electronic,Polaroid Captiva AF SLR C,23.82
electronic,Stereo Wire Harness Honda,257.57
electronic,Stereo Install Dash Kit S,25.21
electronic,Cisco Aironet Series,129.3
electronic,Remanufactured Polaroid F,2.38
electronic,APC Replacement Bat,23.43
electronic,Samsung SyncMaster,10.39
electronic,RBSVDVD5,261.08
electronic,Venturer Home Theater Sys,16.35
electronic,Stainless Steel Hansdsfre,14.69
electronic,Konica Minolta Maxxum,14.22
electronic,Hoya Circular Polari,18.73
electronic,Lenmar Battery for,15.53
electronic,MacCase Jacket for,22
electronic,Savage Seamless Backgroun,20.21